eval_loss,precision,recall,f1_score
0.5117953593532244,0.2018348623853211,0.22278481012658227,0.2117930204572804
